2-faced,5
2-faces,5
abnormal,3
abominable,1
abominably,1
abominate,1
abomination,1
abort,2
aborted,2
aborts,2
abrasive,1
abuse,3
abused,3
abuses,3
abusive,3
afraid,1
agony,1
aground,1
ail,1
ailing,1
ailment,1
alarm,1
alarmed,1
alarming,1
alarmingly,1
alienated,1
altercation,1
ambush,2
amiss,1
anemic,1
anger,1
angrily,1
angriness,1
angry,1
anguish,2
animosity,3
annihilate,1
annihilated,1
annihilation,1
annoyed,1
annoying,1
annoyingly,1
annoys,1
antipathy,1
anxieties,1
anxiety,1
anxious,1
anxiously,1
anxiousness,1
ashamed,2
asinine,1
assault,2
assult,1
atrocious,1
attack,3
attacks,3
aweful,1
awful,1
awfully,1
awfulness,1
awkward,1
awkwardness,1
bad,2
badly,2
barbaric,1
barbarically,1
barbarity,1
barbarous,1
barbarously,1
barren,1
baseless,1
bash,1
bashed,1
bashful,1
bashing,1
bastard,5
bastards,5
battered,1
battering,1
batty,2
bearish,1
beastly,3
bedlam,1
bedlamite,1
befoul,1
beg,1
beggar,1
beggarly,1
begging,1
beguile,1
belabor,1
belated,1
beleaguer,1
belie,1
belittle,2
belittled,2
belittling,2
bellicose,1
belligerence,1
belligerent,1
belligerently,1
bemoan,1
bemoaning,1
bemused,1
bent,1
berate,2
bereave,1
bereavement,1
bereft,1
berserk,3
beseech,1
beset,1
besiege,1
besmirch,1
bestial,1
betray,2
betrayal,2
betrayals,2
betrayer,2
betraying,2
betrays,2
bewail,1
beware,1
bewilder,1
bewildered,1
bewildering,1
bewilderingly,1
bewilderment,1
bewitch,1
bias,1
biased,1
biases,1
bicker,1
bickering,1
bid-rigging,1
bigotries,1
bigotry,3
bitch,5
bitchy,5
biting,1
bitingly,1
bitter,1
bitterly,1
bitterness,1
bizarre,1
blab,1
blabber,1
blackmail,1
blah,1
blame,1
blameworthy,1
bland,1
blandish,1
blaspheme,1
blasphemous,1
blasphemy,1
blasted,1
blatant,1
blatantly,1
blather,1
bleak,1
bleakly,1
bleakness,1
bleed,1
bleeding,1
bleeds,1
blemish,1
blind,1
blinding,1
blindingly,1
blindside,1
blister,1
blistering,1
bloated,1
blockage,1
blockhead,1
bloodshed,4
bloodthirsty,2
bloody,4
blood,5
blotchy,1
blow,1
blunder,2
blundering,2
blunders,1
blunt,1
blur,1
bluring,1
blurred,1
blurring,1
blurry,1
blurs,1
blurt,1
boastful,1
boggle,1
bogus,1
boil,1
boiling,1
boisterous,1
bomb,1
bombard,1
bombardment,1
bombastic,1
bondage,1
bonkers,1
bore,1
bored,1
boredom,1
bores,1
boring,1
botch,2
bother,1
bothered,1
bothering,1
bothers,1
bothersome,1
bowdlerize,1
boycott,1
braggart,1
bragger,1
brainless,1
brainwash,1
brash,1
brashly,1
brashness,1
brat,3
bravado,1
brazen,1
brazenly,1
brazenness,1
breach,1
break,1
break-up,2
break-ups,2
breakdown,1
breaking,1
breaks,1
breakup,2
breakups,2
bribery,1
brimstone,1
bristle,1
brittle,1
broke,1
broken,1
broken-hearted,3
brood,1
browbeat,1
bruise,1
bruised,1
bruises,1
bruising,1
brusque,1
brutal,2
brutalising,2
brutalities,2
brutality,2
brutalize,2
brutalizing,2
brutally,2
brute,2
brutish,2
bs,4
buckle,0
bug,1
bugging,1
buggy,1
bugs,1
bulkier,1
bulkiness,1
bulky,1
bulkyness,1
bull****,5
bull----,5
bullies,7
bullshit,5
bullshyt,5
bully,7
bullying,7
bullyingly,7
bum,2
bump,1
bumped,1
bumping,1
bumpping,1
bumps,1
bumpy,1
bungle,1
bungler,1
bungling,1
bunk,1
burden,1
burdensome,1
burdensomely,1
burn,1
burned,1
burning,1
burns,1
bust,1
busts,1
busybody,1
butcher,1
butchery,1
buzzing,1
byzantine,1
cackle,1
calamities,1
calamitous,1
calamitously,1
calamity,1
callous,1
calumniate,1
calumniation,1
calumnies,1
calumnious,1
calumniously,1
calumny,1
cancer,1
cancerous,1
cannibal,1
cannibalize,1
capitulate,1
capricious,1
capriciously,1
capriciousness,1
capsize,1
careless,1
carelessness,1
caricature,1
carnage,1
carp,0
cartoonish,1
cash-strapped,1
castigate,1
castrated,1
casualty,1
cataclysm,2
cataclysmal,2
cataclysmic,2
cataclysmically,2
catastrophe,2
catastrophes,2
catastrophic,2
catastrophically,2
catastrophies,2
caustic,1
caustically,1
cautionary,1
cave,1
censure,1
chafe,1
chaff,1
chagrin,1
challenging,1
chaos,1
chaotic,1
chasten,1
chastise,1
chastisement,1
chatter,1
chatterbox,1
cheap,1
cheapen,1
cheaply,1
cheat,2
cheated,2
cheater,2
cheating,2
cheats,2
checkered,1
cheerless,1
cheesy,1
chide,1
childish,1
chill,1
chilly,1
chintzy,1
choke,1
choleric,1
choppy,1
chore,1
chronic,1
chunky,1
clamor,1
clamorous,1
clash,1
cliche,1
cliched,1
clique,1
clog,1
clogged,1
clogs,1
cloud,1
clouding,1
cloudy,1
clueless,3
clumsy,2
clunky,1
coarse,1
cock,5
cocky,1
coerce,1
coercion,1
coercive,1
cold,1
coldly,1
collapse,1
collude,1
collusion,1
combative,3
combust,1
comical,1
commiserate,1
commonplace,1
commotion,1
commotions,1
complacent,1
complain,1
complained,1
complaining,1
complains,1
complaint,1
complaints,1
complex,1
complicated,1
complication,1
complicit,1
compulsion,1
compulsive,1
concede,1
conceded,1
conceit,1
conceited,1
concen,1
concens,1
concern,1
concerned,1
concerns,1
concession,1
concessions,1
condemn,1
condemnable,1
condemnation,1
condemned,1
condemns,1
condescend,1
condescending,2
condescendingly,2
condescension,2
confess,1
confession,1
confessions,1
confined,1
conflict,2
conflicted,2
conflicting,2
conflicts,2
confound,1
confounded,1
confounding,1
confront,1
confrontation,2
confrontational,2
confuse,1
confused,1
confuses,1
confusing,1
confusion,1
confusions,1
congested,1
congestion,1
cons,1
conscons,1
conservative,0
conspicuous,1
conspicuously,1
conspiracies,1
conspiracy,1
conspirator,1
conspiratorial,1
conspire,1
consternation,1
contagious,1
contaminate,1
contaminated,1
contaminates,1
contaminating,1
contamination,1
contempt,2
contemptible,2
contemptuous,2
contemptuously,2
contend,1
contention,1
contentious,1
contort,1
contortions,1
contradict,1
contradiction,1
contradictory,1
contrariness,1
contravene,1
contrive,1
contrived,1
controversial,1
controversy,1
convoluted,1
corrode,1
corrosion,1
corrosions,1
corrosive,1
corrupt,1
corrupted,1
corrupting,1
corruption,1
corrupts,1
corruptted,1
costlier,1
costly,1
counter-productive,1
counterproductive,1
coupists,1
covetous,1
coward,3
cowardly,3
crabby,2
crack,1
cracked,1
cracks,1
craftily,1
craftly,1
crafty,1
cramp,1
cramped,1
cramping,1
cranky,2
crap,3
crappy,4
craps,2
crash,1
crashed,1
crashes,1
crashing,1
crass,1
craven,1
cravenly,1
craze,1
crazily,1
craziness,1
crazy,1
creak,1
creaking,1
creaks,1
credulous,1
creep,1
creeping,1
creeps,1
creepy,2
crept,1
crime,2
criminal,3
cringe,1
cringed,1
cringes,1
cripple,1
crippled,1
cripples,1
crippling,1
crisis,1
critic,1
critical,3
criticism,3
criticisms,3
criticize,3
criticized,3
criticizing,3
critics,1
cronyism,1
crook,1
crooked,1
crooks,1
crowded,1
crowdedness,1
crude,1
cruel,2
crueler,1
cruelest,1
cruelly,2
cruelness,2
cruelties,1
cruelty,2
crumble,1
crumbling,1
crummy,2
crumple,1
crumpled,1
crumples,1
crush,1
crushed,1
crushing,1
cry,3
culpable,1
culprit,1
cumbersome,1
cunt,6
cunts,6
cuplrit,1
curse,1
cursed,1
curses,1
curt,1
cuss,2
cussed,2
cutthroat,1
cynical,1
cynicism,1
d*mn,4
damage,1
damaged,1
damages,1
damaging,1
damn,4
damnable,4
damnably,4
damnation,4
damned,4
damning,4
damper,1
danger,2
dangerous,2
dangerousness,2
dark,1
darken,1
darkened,1
darker,1
darkness,1
dastard,1
dastardly,1
daunt,1
daunting,1
dauntingly,1
dawdle,1
daze,1
dazed,1
dead,1
deadbeat,1
deadlock,1
deadly,1
deadweight,1
deaf,1
dearth,1
death,1
debacle,1
debase,1
debasement,1
debaser,1
debatable,1
debauch,1
debaucher,1
debauchery,2
debilitate,1
debilitating,1
debility,1
debt,1
debts,1
decadence,1
decadent,1
decay,1
decayed,1
deceit,2
deceitful,2
deceitfully,2
deceitfulness,2
deceive,2
deceiver,2
deceivers,2
deceiving,2
deception,2
deceptive,2
deceptively,2
declaim,1
decline,1
declines,1
declining,1
decrement,1
decrepit,1
decrepitude,1
decry,1
defamation,2
defamations,2
defamatory,2
defame,2
defect,1
defective,2
defects,1
defensive,1
defiance,1
defiant,1
defiantly,1
deficiencies,1
deficiency,1
deficient,1
defile,1
defiler,1
deform,1
deformed,1
defrauding,1
defunct,1
defy,1
degenerate,1
degenerately,1
degeneration,1
degradation,1
degrade,1
degrading,1
degradingly,1
dehumanization,2
dehumanize,2
deign,1
deject,1
dejected,3
dejectedly,3
dejection,3
delay,1
delayed,1
delaying,1
delays,1
delinquency,1
delinquent,1
delirious,1
delirium,1
delude,1
deluded,1
deluge,1
delusion,1
delusional,1
delusions,1
demean,1
demeaning,1
demise,1
demolish,1
demolisher,1
demon,3
demonic,3
demonize,3
demonized,3
demonizes,3
demonizing,3
demoralize,2
demoralizing,2
demoralizingly,2
denial,1
denied,1
denies,1
denigrate,1
denounce,1
dense,1
dent,1
dented,1
dents,1
denunciate,1
denunciation,1
denunciations,1
deny,1
denying,1
deplete,1
deplorable,1
deplorably,1
deplore,1
deploring,1
deploringly,1
deprave,1
depraved,2
depravedly,2
deprecate,1
depress,1
depressed,4
depressing,4
depressingly,4
depression,4
depressions,4
deprive,1
deprived,2
deride,2
derision,1
derisive,1
derisively,1
derisiveness,1
derogatory,1
desecrate,1
desert,1
desertion,1
desiccate,1
desiccated,1
desititute,1
desolate,1
desolately,1
desolation,1
despair,3
despairing,3
despairingly,3
desperate,2
desperately,2
desperation,2
despicable,2
despicably,2
despise,3
despised,3
despoil,1
despoiler,1
despondence,1
despondency,1
despondent,1
despondently,1
despot,1
despotic,1
despotism,1
destabilisation,1
destains,1
destitute,1
destitution,1
destroy,1
destroyer,1
destruction,1
destructive,1
desultory,1
deter,1
deteriorate,1
deteriorating,1
deterioration,1
deterrent,1
detest,1
detestable,2
detestably,1
detested,2
detesting,1
detests,1
detract,1
detracted,1
detracting,1
detraction,1
detracts,1
detriment,1
detrimental,1
devastate,1
devastated,1
devastates,1
devastating,1
devastatingly,1
devastation,1
deviate,1
deviation,1
devil,1
devilish,1
devilishly,1
devilment,1
devilry,1
devious,1
deviously,1
deviousness,1
devoid,1
diabolic,1
diabolical,1
diabolically,1
diametrically,1
diappointed,1
diatribe,1
diatribes,1
dick,5
dictator,1
dictatorial,1
die,7
die-hard,1
died,2
dies,2
difficult,1
difficulties,1
difficulty,1
diffidence,1
dilapidated,1
dilemma,1
dilly-dally,1
dim,1
dimmer,1
din,1
ding,1
dings,1
dinky,1
dire,1
direly,1
direness,1
dirt,1
dirtbag,2
dirtbags,2
dirts,1
dirty,1
disable,1
disabled,1
disaccord,1
disadvantage,1
disadvantaged,1
disadvantageous,1
disadvantages,1
disaffect,1
disaffected,1
disaffirm,1
disagree,1
disagreeable,1
disagreeably,1
disagreed,1
disagreeing,1
disagreement,1
disagrees,1
disallow,1
disapointed,1
disapointing,1
disapointment,1
disappoint,1
disappointed,2
disappointing,1
disappointingly,1
disappointment,1
disappointments,1
disappoints,1
disapprobation,1
disapproval,1
disapprove,1
disapproving,1
disarm,1
disarray,1
disaster,1
disasterous,1
disastrous,1
disastrously,1
disavow,1
disavowal,1
disbelief,1
disbelieve,1
disbeliever,1
disclaim,1
discombobulate,1
discomfit,1
discomfititure,1
discomfort,1
discompose,1
disconcert,1
disconcerted,1
disconcerting,1
disconcertingly,1
disconsolate,1
disconsolately,1
disconsolation,1
discontent,1
discontented,1
discontentedly,1
discontinued,1
discontinuity,1
discontinuous,1
discord,1
discordance,1
discordant,1
discountenance,1
discourage,1
discouragement,1
discouraging,1
discouragingly,1
discourteous,1
discourteously,1
discoutinous,1
discredit,1
discrepant,1
discriminate,2
discrimination,2
discriminatory,2
disdain,1
disdained,1
disdainful,1
disdainfully,1
disfavor,1
disgrace,1
disgraced,1
disgraceful,1
disgracefully,1
disgruntle,1
disgruntled,1
disgust,2
disgusted,2
disgustedly,2
disgustful,2
disgustfully,2
disgusting,2
disgustingly,2
dishearten,1
disheartening,1
dishearteningly,1
dishonest,1
dishonestly,1
dishonesty,1
dishonor,1
dishonorable,1
dishonorablely,1
disillusion,1
disillusioned,1
disillusionment,1
disillusions,1
disinclination,1
disinclined,1
disingenuous,1
disingenuously,1
disintegrate,1
disintegrated,1
disintegrates,1
disintegration,1
disinterest,1
disinterested,1
dislike,1
disliked,1
dislikes,1
disliking,1
dislocated,1
disloyal,1
disloyalty,1
dismal,1
dismally,1
dismalness,1
dismay,1
dismayed,1
dismaying,1
dismayingly,1
dismissive,1
dismissively,1
disobedience,1
disobedient,1
disobey,1
disoobedient,1
disorder,1
disordered,1
disorderly,1
disorganized,1
disorient,1
disoriented,1
disown,1
disparage,1
disparaging,1
disparagingly,1
dispensable,1
dispirit,1
dispirited,1
dispiritedly,1
dispiriting,1
displace,1
displaced,1
displease,1
displeased,1
displeasing,1
displeasure,1
disproportionate,1
disprove,1
disputable,1
dispute,1
disputed,1
disquiet,1
disquieting,1
disquietingly,1
disquietude,1
disregard,1
disregardful,1
disreputable,1
disrepute,1
disrespect,2
disrespectable,2
disrespectablity,2
disrespectful,2
disrespectfully,2
disrespectfulness,2
disrespecting,2
disrupt,1
disruption,1
disruptive,1
diss,2
dissapointed,1
dissappointed,1
dissappointing,1
dissatisfaction,1
dissatisfactory,1
dissatisfied,1
dissatisfies,1
dissatisfy,1
dissatisfying,1
dissed,1
dissemble,1
dissembler,1
dissension,1
dissent,1
dissenter,1
dissention,1
disservice,1
disses,2
dissidence,1
dissident,1
dissidents,1
dissing,1
dissocial,1
dissolute,1
dissolution,1
dissonance,1
dissonant,1
dissonantly,1
dissuade,1
dissuasive,1
distains,2
distaste,1
distasteful,1
distastefully,1
distort,1
distorted,1
distortion,1
distorts,1
distract,1
distracting,1
distraction,1
distraught,1
distraughtly,1
distraughtness,1
distress,1
distressed,1
distressing,1
distressingly,1
distrust,1
distrustful,1
distrusting,1
disturb,1
disturbance,1
disturbed,2
disturbing,1
disturbingly,1
disunity,1
disvalue,1
divergent,1
divisive,2
divisively,2
divisiveness,2
dizzing,1
dizzingly,1
dizzy,1
doddering,1
dodgey,1
dogged,1
doggedly,1
dogmatic,1
doldrums,1
domineer,1
domineering,1
donside,1
doom,1
doomed,1
doomsday,1
dope,1
doubt,1
doubtful,1
doubtfully,1
doubts,1
douchbag,4
douchebag,4
douchebags,4
downbeat,1
downcast,1
downer,1
downfall,1
downfallen,1
downgrade,1
downhearted,1
downheartedly,1
downhill,1
downside,1
downsides,1
downturn,1
downturns,1
drab,1
draconian,1
draconic,1
drag,1
dragged,1
dragging,1
dragoon,1
drags,1
drain,1
drained,1
draining,1
drains,1
drastic,1
drastically,1
drawback,1
drawbacks,1
dread,1
dreadful,1
dreadfully,1
dreadfulness,1
dreary,1
dripped,1
dripping,1
drippy,1
drips,1
drones,1
droop,1
droops,1
drop-out,1
drop-outs,1
dropout,1
dropouts,1
drought,1
drowning,1
drunk,1
drunkard,1
drunken,1
dubious,1
dubiously,1
dubitable,1
dud,1
dull,2
dullard,1
dumb,4
dumbfound,2
dump,1
dumped,1
dumping,1
dumps,1
dunce,1
dungeon,1
dungeons,1
dupe,1
dust,1
dusty,1
dwindling,1
dying,2
earsplitting,1
eccentric,1
eccentricity,1
effigy,2
effrontery,1
egocentric,2
egomania,2
egomaniac,3
egotism,1
egotistical,3
egotistically,3
egregious,1
egregiously,1
election-rigger,1
elimination,2
emaciated,1
emasculate,3
embarrass,2
embarrassing,2
embarrassingly,2
embarrassment,2
embattled,1
embroil,1
embroiled,1
embroilment,1
emergency,3
emphatic,1
emphatically,1
emptiness,3
encroach,1
encroachment,1
endanger,2
enemies,3
enemy,3
enervate,1
enfeeble,1
enflame,2
engulf,1
enjoin,1
enmity,3
enrage,3
enraged,3
enraging,1
enslave,2
entangle,1
entanglement,1
entrap,2
entrapment,2
envious,2
enviously,2
enviousness,1
epidemic,1
equivocal,1
erase,1
erode,2
erodes,2
erosion,2
err,1
errant,1
erratic,1
erratically,2
erroneous,2
erroneously,2
error,1
errors,1
eruptions,1
escapade,1
eschew,1
estranged,1
evade,1
evasion,1
evasive,1
evil,3
evildoer,3
evils,3
eviscerate,1
exacerbate,1
exagerate,1
exagerated,1
exagerates,1
exaggerate,1
exaggeration,1
exasperate,1
exasperated,2
exasperating,2
exasperatingly,2
exasperation,2
excessive,2
excessively,2
exclusion,2
excoriate,1
excruciating,2
excruciatingly,1
excuse,1
excuses,1
execrate,1
exhaust,1
exhausted,1
exhaustion,1
exhausts,1
exhorbitant,1
exhort,1
exile,1
exorbitant,1
exorbitantance,1
exorbitantly,1
expel,1
expensive,1
expire,1
expired,1
explode,2
exploit,1
exploitation,1
explosive,1
expropriate,1
expropriation,1
expulse,1
expunge,1
exterminate,3
extermination,3
extinguish,2
extort,3
extortion,3
extraneous,1
extravagance,1
extravagant,1
extravagantly,1
extremism,2
extremist,2
extremists,2
eyesore,1
f**k,7
fabricate,1
fabrication,1
facetious,1
facetiously,1
fail,3
failed,3
failing,3
fails,3
failure,4
failures,3
faint,1
fainthearted,1
faithless,1
fake,1
fall,1
fallacies,1
fallacious,1
fallaciously,2
fallaciousness,1
fallacy,1
fallen,1
falling,1
fallout,2
falls,1
false,1
falsehood,1
falsely,2
falsify,2
falter,1
faltered,1
famine,1
famished,1
fanatic,1
fanatical,2
fanatically,2
fanaticism,2
fanatics,2
fanciful,1
far-fetched,1
farce,1
farcical,1
farcical-yet-provocative,1
farcically,1
farfetched,1
fascism,1
fascist,1
fastidious,1
fastidiously,1
fastuous,1
fat,4
fat-cat,1
fat-cats,1
fatal,2
fatalistic,3
fatalistically,2
fatally,1
fatcat,1
fatcats,1
fateful,1
fatefully,1
fathomless,1
fatigue,1
fatigued,1
fatique,1
fatty,3
fatuity,1
fatuous,1
fatuously,1
fault,1
faults,1
faulty,1
fawningly,1
faze,1
fear,1
fearful,1
fearfully,1
fears,1
fearsome,1
feckless,1
feeble,1
feeblely,1
feebleminded,1
feign,1
feint,1
fell,1
felon,1
felonious,2
ferociously,1
ferocity,1
fetid,1
fever,1
feverish,1
fevers,1
fiasco,1
fib,1
fibber,1
fickle,1
fiction,1
fictional,1
fictitious,1
fidget,1
fidgety,1
fiend,2
fiendish,3
fierce,1
figurehead,1
filth,1
filthy,2
finagle,1
finicky,1
fissures,1
fist,1
flabbergast,1
flabbergasted,1
flagging,1
flagrant,1
flagrantly,1
flair,1
flairs,1
flak,1
flake,1
flakey,2
flakieness,1
flaking,1
flaky,1
flare,1
flares,1
flareup,1
flareups,1
flat-out,1
flaunt,1
flaw,1
flawed,1
flaws,1
flee,1
fleed,1
fleeing,1
fleer,1
flees,1
fleeting,1
flicering,1
flicker,1
flickering,1
flickers,1
flighty,1
flimflam,1
flimsy,1
flirt,1
flirty,1
floored,1
flounder,1
floundering,1
flout,1
fluster,1
foe,2
fool,2
fooled,1
foolhardy,1
foolish,2
foolishly,2
foolishness,2
forbid,1
forbidden,2
forbidding,1
forceful,2
foreboding,1
forebodingly,1
forfeit,1
forged,1
forgetful,1
forgetfully,1
forgetfulness,1
forlorn,2
forlornly,2
forsake,1
forsaken,2
forswear,1
foul,1
foully,1
foulness,1
fractious,1
fractiously,1
fracture,1
fragile,1
fragmented,1
frail,1
frantic,1
frantically,1
franticly,1
fraud,2
fraudulent,2
fraught,1
frazzle,1
frazzled,1
freak,4
freaking,3
freakish,4
freakishly,4
freaks,1
freeze,1
freezes,1
freezing,1
frenetic,1
frenetically,1
frenzied,1
frenzy,1
fret,1
fretful,1
frets,1
friction,1
frictions,1
fried,1
friggin,1
frigging,2
fright,1
frighten,1
frightened,3
frightening,1
frighteningly,1
frightful,1
frightfully,1
frigid,1
frost,1
frown,1
froze,1
frozen,1
fruitless,1
fruitlessly,1
frustrate,1
frustrated,2
frustrates,2
frustrating,2
frustratingly,2
frustration,2
frustrations,2
fuck,7
fu,8
fuk,7
fuckin,6
fucking,7
fudge,1
fugitive,1
full-blown,1
fulminate,1
fumble,1
fume,1
fumes,1
fundamentalism,1
funky,1
funnily,1
funny,1
furious,3
furiously,2
furor,2
fury,2
fuss,1
fussy,1
fustigate,1
fusty,1
futile,1
futilely,1
futility,1
fuzzy,1
gabble,1
gaff,1
gaffe,1
gainsay,1
gainsayer,1
gall,1
galling,1
gallingly,1
galls,1
gangster,1
gape,1
garbage,2
garish,1
gasp,1
gauche,1
gaudy,1
gawk,1
gawky,1
geezer,1
genocide,1
get-rich,1
ghastly,1
ghetto,2
ghosting,1
gibber,1
gibberish,1
gibe,1
giddy,1
gimmick,1
gimmicked,1
gimmicking,1
gimmicks,1
gimmicky,1
glare,1
glaringly,1
glib,1
glibly,1
glitch,1
glitches,1
gloatingly,1
gloom,1
gloomy,1
glower,1
glum,1
glut,1
gnawing,1
goad,1
goading,1
god-awful,2
goof,2
goofy,3
goon,2
gossip,2
graceless,1
gracelessly,1
graft,1
grainy,1
grapple,1
grate,1
grating,1
gravely,1
greasy,1
greed,1
greedy,1
grief,1
grievance,1
grievances,1
grieve,1
grieving,1
grievous,1
grievously,1
grim,1
grimace,1
grind,1
gripe,1
gripes,1
grisly,1
gritty,1
gross,1
grossly,1
grotesque,1
grouch,1
grouchy,1
groundless,1
grouse,1
growl,1
grudge,1
grudges,1
grudging,1
grudgingly,1
gruesome,1
gruesomely,1
gruff,1
grumble,1
grumpier,1
grumpiest,1
grumpily,1
grumpish,1
grumpy,1
guile,1
guilt,2
guiltily,2
guilty,2
gullible,1
gutless,1
gutter,1
hack,2
hacks,2
haggard,1
haggle,1
hairloss,1
halfhearted,1
halfheartedly,1
hallucinate,1
hallucination,1
hamper,1
hampered,1
handicapped,1
hang,3
hangs,2
haphazard,1
hapless,1
harangue,1
harass,5
harassed,6
harasses,5
harassment,6
harboring,1
harbors,1
hard,1
hard-hit,1
hard-line,1
hard-liner,1
hardball,1
harden,1
hardened,1
hardheaded,1
hardhearted,1
hardliner,1
hardliners,1
hardship,1
hardships,1
harm,5
harmed,3
harmful,3
harms,3
harpy,1
harridan,1
harried,1
harrow,1
harsh,2
harshly,2
hasseling,1
hassle,1
hassled,1
hassles,1
haste,1
hastily,1
hasty,1
hate,4
hated,2
hateful,4
hatefully,2
hatefulness,2
hater,3
haters,3
hates,2
hating,2
hatred,2
haughtily,1
haughty,1
haunt,1
haunting,1
havoc,1
hawkish,1
haywire,1
hazard,1
hazardous,1
haze,1
hazy,1
head-aches,1
headache,1
headaches,1
heartbreaker,1
heartbreaking,1
heartbreakingly,1
heartless,1
heathen,1
heavy-handed,1
heavyhearted,1
heck,1
heckle,1
heckled,1
heckles,1
hectic,1
hedge,1
hedonistic,1
heedless,1
hefty,1
hegemonism,1
hegemonistic,1
hegemony,1
heinous,1
hell,5
hell-bent,1
hellion,1
hells,5
helpless,1
helplessly,1
helplessness,1
heresy,1
heretic,1
heretical,1
hesitant,1
hestitant,1
hideous,3
hideously,2
hideousness,2
high-priced,1
hiliarious,1
hinder,1
hindrance,1
hiss,1
hissed,1
hissing,1
ho-hum,1
hoard,1
hoax,1
hobble,1
hogs,1
hollow,1
hoodium,1
hoodwink,1
hooligan,1
hopeless,5
hopelessly,5
hopelessness,5
horde,1
horrendous,1
horrendously,1
horrible,2
horrid,2
horrific,2
horrified,2
horrifies,2
horrify,2
horrifying,2
horrifys,2
hostage,1
hostile,2
hostilities,1
hostility,1
hotbeds,1
hothead,1
hotheaded,1
hothouse,1
hubris,1
huckster,1
hum,1
humid,1
humiliate,1
humiliating,1
humiliation,1
humming,1
hung,5
hurt,3
hurted,2
hurtful,3
hurting,5
hurts,3
hustler,1
hype,1
hypocricy,1
hypocrisy,1
hypocrite,1
hypocrites,1
hypocritical,1
hypocritically,1
hysteria,1
hysteric,1
hysterical,1
hysterically,1
hysterics,1
idiocies,1
idiocy,1
idiot,3
idiotic,2
idiotically,2
idiots,3
idle,1
ignoble,1
ignominious,1
ignominiously,1
ignominy,1
ignorance,2
ignorant,2
ignore,1
ill-advised,1
ill-conceived,1
ill-defined,1
ill-designed,1
ill-fated,1
ill-favored,1
ill-formed,1
ill-mannered,1
ill-natured,1
ill-sorted,1
ill-tempered,1
ill-treated,1
ill-treatment,1
ill-usage,1
ill-used,1
illegal,2
illegally,2
illegitimate,2
illicit,1
illiterate,1
illness,1
illogic,1
illogical,2
illogically,1
illusion,1
illusions,1
illusory,1
imaginary,1
imbalance,1
imbecile,3
imbroglio,1
immaterial,1
immature,1
imminence,1
imminently,1
immobilized,1
immoderate,1
immoderately,1
immodest,1
immoral,1
immorality,1
immorally,1
immovable,1
impair,1
impaired,1
impasse,1
impatience,1
impatient,1
impatiently,1
impeach,1
impedance,1
impede,1
impediment,1
impending,1
impenitent,1
imperfect,1
imperfection,2
imperfections,2
imperfectly,2
imperialist,1
imperil,1
imperious,1
imperiously,1
impermissible,1
impersonal,1
impertinent,1
impetuous,1
impetuously,1
impiety,1
impinge,1
impious,1
implacable,1
implausible,1
implausibly,1
implicate,1
implication,1
implode,1
impolite,1
impolitely,1
impolitic,1
importunate,1
importune,1
impose,1
imposers,1
imposing,1
imposition,1
impossible,1
impossiblity,1
impossibly,1
impotent,1
impoverish,1
impoverished,1
impractical,1
imprecate,1
imprecise,1
imprecisely,1
imprecision,1
imprison,1
imprisonment,1
improbability,1
improbable,1
improbably,1
improper,1
improperly,1
impropriety,1
imprudence,1
imprudent,1
impudence,1
impudent,1
impudently,1
impugn,1
impulsive,1
impulsively,1
impunity,1
impure,1
impurity,1
inability,1
inaccuracies,1
inaccuracy,1
inaccurate,1
inaccurately,1
inaction,1
inactive,1
inadequacy,1
inadequate,1
inadequately,1
inadverent,1
inadverently,1
inadvisable,1
inadvisably,1
inane,2
inanely,1
inappropriate,2
inappropriately,2
inapt,1
inaptitude,1
inarticulate,1
inattentive,1
inaudible,1
incapable,1
incapably,1
incautious,1
incendiary,2
incense,1
incessant,1
incessantly,1
incite,2
incitement,2
incivility,1
inclement,1
incognizant,1
incoherence,2
incoherent,2
incoherently,2
incommensurate,1
incomparable,1
incomparably,1
incompatability,1
incompatibility,1
incompatible,1
incompetence,2
incompetent,3
incompetently,2
incomplete,1
incompliant,1
incomprehensible,1
incomprehension,1
inconceivable,1
inconceivably,1
incongruous,1
incongruously,1
inconsequent,1
inconsequential,1
inconsequentially,1
inconsequently,1
inconsiderate,1
inconsiderately,1
inconsistence,1
inconsistencies,1
inconsistency,1
inconsistent,1
inconsolable,1
inconsolably,1
inconstant,1
inconvenience,1
inconveniently,1
incorrect,1
incorrectly,1
incorrigible,1
incorrigibly,1
incredulous,1
incredulously,1
inculcate,1
indecency,1
indecent,1
indecently,1
indecision,1
indecisive,1
indecisively,1
indecorum,1
indefensible,1
indelicate,1
indeterminable,1
indeterminably,1
indeterminate,1
indifference,1
indifferent,1
indigent,1
indignant,1
indignantly,1
indignation,1
indignity,1
indiscernible,1
indiscreet,1
indiscreetly,1
indiscretion,1
indiscriminate,1
indiscriminately,1
indiscriminating,1
indistinguishable,1
indoctrinate,1
indoctrination,1
indolent,1
indulge,1
ineffective,1
ineffectively,1
ineffectiveness,1
ineffectual,1
ineffectually,1
ineffectualness,1
inefficacious,1
inefficacy,1
inefficiency,1
inefficient,1
inefficiently,1
inelegance,1
inelegant,1
ineligible,1
ineloquent,1
ineloquently,1
inept,3
ineptitude,2
ineptly,2
inequalities,1
inequality,1
inequitable,1
inequitably,1
inequities,1
inescapable,1
inescapably,1
inessential,1
inevitable,1
inevitably,1
inexcusable,1
inexcusably,1
inexorable,1
inexorably,1
inexperience,1
inexperienced,1
inexpert,1
inexpertly,1
inexpiable,1
inexplainable,1
inextricable,1
inextricably,1
infamous,2
infamously,1
infamy,1
infected,1
infection,1
infections,1
inferior,2
inferiority,1
infernal,1
infest,1
infested,1
infidel,2
infidels,2
infiltrator,1
infiltrators,1
infirm,1
inflame,1
inflammation,1
inflammatory,1
inflammed,1
inflated,1
inflationary,1
inflexible,1
inflict,1
infraction,1
infringe,1
infringement,1
infringements,1
infuriate,1
infuriated,1
infuriating,1
infuriatingly,1
inglorious,1
ingrate,1
ingratitude,1
inhibit,1
inhibition,1
inhospitable,1
inhospitality,1
inhuman,1
inhumane,1
inhumanity,1
inimical,1
inimically,1
iniquitous,1
iniquity,1
injudicious,1
injure,1
injurious,1
injury,1
injustice,1
injustices,1
innuendo,1
inoperable,1
inopportune,1
inordinate,1
inordinately,1
insane,2
insanely,1
insanity,1
insatiable,1
insecure,1
insecurity,1
insensible,1
insensitive,2
insensitively,2
insensitivity,2
insidious,1
insidiously,1
insignificance,1
insignificant,1
insignificantly,1
insincere,1
insincerely,1
insincerity,1
insinuate,1
insinuating,1
insinuation,1
insociable,1
insolence,1
insolent,1
insolently,1
insolvent,1
insouciance,1
instability,1
instable,1
instigate,1
instigator,1
instigators,1
insubordinate,1
insubstantial,1
insubstantially,1
insufferable,1
insufferably,1
insufficiency,1
insufficient,1
insufficiently,1
insular,1
insult,1
insulted,1
insulting,1
insultingly,1
insults,1
insupportable,1
insupportably,1
insurmountable,1
insurmountably,1
insurrection,1
intefere,1
inteferes,1
intense,1
interfere,1
interference,1
interferes,1
intermittent,1
interrupt,1
interruption,1
interruptions,1
intimidate,1
intimidating,1
intimidatingly,1
intimidation,1
intolerable,2
intolerablely,1
intolerance,2
intoxicate,1
intractable,1
intransigence,1
intransigent,1
intrude,1
intrusion,1
intrusive,1
inundate,1
inundated,1
invader,1
invalid,1
invalidate,1
invalidity,1
invasive,1
invective,1
inveigle,1
invidious,1
invidiously,1
invidiousness,1
invisible,1
involuntarily,1
involuntary,1
irascible,1
irate,2
irately,1
ire,1
irk,2
irked,2
irking,1
irks,1
irksome,1
irksomely,1
irksomeness,1
irksomenesses,1
ironic,1
ironical,1
ironically,1
ironies,1
irony,1
irragularity,1
irrational,2
irrationalities,1
irrationality,1
irrationally,1
irrationals,1
irreconcilable,1
irrecoverable,1
irrecoverableness,1
irrecoverablenesses,1
irrecoverably,1
irredeemable,1
irredeemably,1
irreformable,1
irregular,1
irregularity,1
irrelevance,1
irrelevant,1
irreparable,1
irreplacible,1
irrepressible,1
irresolute,1
irresolvable,1
irresponsible,1
irresponsibly,1
irretating,1
irretrievable,1
irreversible,1
irritable,1
irritably,1
irritant,1
irritate,2
irritated,2
irritating,1
irritation,1
irritations,1
isolate,1
isolated,1
isolation,1
issue,1
issues,1
itch,1
itching,1
itchy,1
jabber,1
jaded,1
jagged,1
jam,1
jarring,1
jaundiced,1
jealous,1
jealously,1
jealousness,1
jealousy,1
jeer,1
jeering,1
jeeringly,1
jeers,1
jeopardize,1
jeopardy,1
jerk,3
jerky,2
jitter,1
jitters,1
jittery,1
job-killing,1
jobless,1
joke,1
joker,1
jolt,1
judder,1
juddering,1
judders,1
jumpy,1
junk,1
junky,1
junkyard,1
jutter,1
jutters,1
kaput,1
kill,5
killed,4
killer,3
killing,5
killjoy,1
kills,3
knave,1
knife,1
knock,1
knotted,1
kook,1
kooky,1
lack,1
lackadaisical,1
lacked,1
lackey,1
lackeys,1
lacking,1
lackluster,1
lacks,1
laconic,1
lag,1
lagged,1
lagging,1
laggy,1
lags,1
laid-off,1
lambast,1
lambaste,1
lame,1
lame-duck,1
lament,1
lamentable,1
lamentably,1
languid,1
languish,1
languor,1
languorous,1
languorously,1
lanky,1
lapse,1
lapsed,1
lapses,1
lascivious,1
last-ditch,1
latency,1
laughable,1
laughably,1
laughingstock,1
lawbreaker,1
lawbreaking,1
lawless,1
lawlessness,1
layoff,1
layoff-happy,1
lazy,1
leak,1
leakage,1
leakages,1
leaking,1
leaks,1
leaky,1
lech,1
lecher,1
lecherous,1
lechery,1
leech,1
leer,1
leery,1
left-leaning,1
lemon,1
lengthy,1
less-developed,1
lesser-known,1
letch,1
lethal,1
lethargic,1
lethargy,1
lewd,2
lewdly,2
lewdness,2
liability,1
liable,1
liar,2
liars,2
licentious,1
licentiously,1
licentiousness,1
lie,2
lied,2
lier,2
lies,2
life-threatening,1
lifeless,3
limit,1
limitation,1
limitations,1
limited,1
limits,1
limp,1
listless,1
litigious,1
little-known,1
livid,1
lividly,1
loath,2
loathe,2
loathing,2
loathly,2
loathsome,2
loathsomely,2
lone,1
loneliness,1
lonely,2
loner,1
lonesome,2
long-time,1
long-winded,1
longing,1
longingly,1
loophole,1
loopholes,1
loose,1
loot,1
lorn,1
lose,1
loser,4
losers,4
loses,1
losing,1
loss,1
losses,1
lost,1
loud,1
louder,1
lousy,2
loveless,1
lovelorn,1
low-rated,1
lowly,2
ludicrous,1
ludicrously,1
lugubrious,1
lukewarm,1
lull,1
lumpy,1
lunatic,3
lunaticism,1
lurch,1
lure,1
lurid,1
lurk,1
lurking,1
lying,1
macabre,1
mad,1
madden,1
maddening,2
maddeningly,2
madder,1
madly,1
madman,1
madness,1
maladjusted,1
maladjustment,1
malady,1
malaise,1
malcontent,1
malcontented,1
maledict,1
malevolence,1
malevolent,1
malevolently,1
malice,2
malicious,3
maliciously,3
maliciousness,3
malign,2
malignant,2
malodorous,1
maltreatment,2
mangle,1
mangled,2
mangles,1
mangling,1
mania,1
maniac,3
maniacal,3
manic,2
manipulate,1
manipulation,1
manipulative,1
manipulators,1
mar,1
marginal,1
marginally,1
martyrdom,1
martyrdom-seeking,1
mashed,1
massacre,3
massacres,3
matte,1
mawkish,1
mawkishly,1
mawkishness,1
meager,1
meaningless,1
meanness,1
measly,1
meddle,1
meddlesome,1
mediocre,1
mediocrity,1
melancholy,2
melodramatic,2
melodramatically,2
meltdown,3
menace,1
menacing,1
menacingly,1
mendacious,1
mendacity,1
menial,1
mental,4
mentally,4
merciless,1
mercilessly,2
mess,2
messed,2
messes,2
messing,2
messy,2
midget,1
miff,1
militancy,1
mindless,1
mindlessly,1
mirage,1
mire,1
misalign,1
misaligned,1
misaligns,1
misapprehend,1
misbecome,1
misbecoming,1
misbegotten,1
misbehave,1
misbehavior,1
miscalculate,1
miscalculation,1
miscellaneous,1
mischief,1
mischievous,2
mischievously,2
misconception,1
misconceptions,1
miscreant,1
miscreants,1
misdirection,1
miser,1
miserable,3
miserableness,2
miserably,2
miseries,1
miserly,1
misery,1
misfit,3
misfortune,1
misgiving,1
misgivings,1
misguidance,1
misguide,1
misguided,1
mishandle,1
mishap,1
misinform,1
misinformed,1
misinterpret,1
misjudge,1
misjudgment,1
mislead,1
misleading,1
misleadingly,1
mislike,1
mismanage,1
mispronounce,1
mispronounced,1
mispronounces,1
misread,1
misreading,1
misrepresent,1
misrepresentation,1
miss,1
missed,1
misses,1
misstatement,1
mist,1
mistake,1
mistaken,1
mistakenly,1
mistakes,1
mistified,1
mistress,1
mistrust,2
mistrustful,2
mistrustfully,2
mists,1
misunderstand,1
misunderstanding,1
misunderstandings,1
misunderstood,1
misuse,1
moan,1
mobster,1
mock,1
mocked,1
mockeries,1
mockery,1
mocking,1
mockingly,1
mocks,1
molest,4
molestation,4
molested,4
monotonous,1
monotony,1
monster,1
monstrosities,1
monstrosity,1
monstrous,1
monstrously,1
moody,1
moot,1
mope,1
morbid,1
morbidly,1
mordant,1
mordantly,1
moribund,1
moron,3
moronic,3
morons,3
mortification,1
mortified,1
mortify,1
mortifying,1
motionless,1
motley,1
mourn,1
mourner,1
mournful,1
mournfully,1
muddle,1
muddy,1
mudslinger,1
mudslinging,1
mulish,1
multi-polarization,1
mundane,1
murder,1
murderer,3
murderous,3
murderously,3
murky,1
muscle-flexing,1
mushy,1
musty,1
mysterious,1
mysteriously,1
mystery,1
mystify,1
myth,1
nag,2
nagging,2
naive,1
naively,1
narrower,1
nastily,1
nastiness,1
nasty,1
naughty,1
nauseate,1
nauseates,1
nauseating,1
nauseatingly,1
na√Øve,1
naive,1
nebulous,1
nebulously,1
needless,1
needlessly,1
needy,2
nefarious,1
nefariously,1
negate,1
negation,1
negative,1
negatives,1
negativity,1
neglect,1
neglected,1
negligence,1
negligent,1
nemesis,1
nepotism,1
nervous,1
nervously,1
nervousness,1
nettle,1
nettlesome,1
neurotic,2
neurotically,2
nigger,7
niggers,7
nigga,7
niggle,1
niggles,1
nightmare,1
nightmarish,1
nightmarishly,1
nitpick,1
nitpicking,1
noise,1
noises,1
noisier,1
noisy,1
non-confidence,1
nonexistent,1
nonresponsive,1
nonsense,1
nosey,1
notoriety,1
notorious,1
notoriously,1
noxious,1
nuisance,1
numb,1
obese,2
object,1
objection,1
objectionable,1
objections,1
oblique,1
obliterate,1
obliterated,1
oblivious,1
obnoxious,2
obnoxiously,2
obscene,3
obscenely,2
obscenity,3
obscure,1
obscured,1
obscures,1
obscurity,1
obsess,1
obsessive,1
obsessively,1
obsessiveness,1
obsolete,1
obstacle,1
obstinate,1
obstinately,1
obstruct,1
obstructed,1
obstructing,1
obstruction,1
obstructs,1
obtrusive,1
obtuse,1
occlude,1
occluded,1
occludes,1
occluding,1
odd,2
odder,2
oddest,2
oddities,2
oddity,2
oddly,2
odor,1
offence,1
offend,2
offended,2
offender,1
offending,1
offenses,1
offensive,4
offensively,1
offensiveness,1
officious,1
ominous,1
ominously,1
omission,1
omit,1
one-sided,1
onerous,1
onerously,1
onslaught,1
opinionated,1
opponent,1
opportunistic,1
oppose,1
opposition,1
oppositions,1
oppress,3
oppression,2
oppressive,2
oppressively,2
oppressiveness,1
oppressors,1
ordeal,1
orphan,1
ostracize,1
outbreak,1
outburst,1
outbursts,1
outcast,3
outcry,1
outlaw,1
outmoded,1
outrage,2
outraged,3
outrageous,3
outrageously,2
outrageousness,1
outrages,2
outsider,1
over-acted,1
over-awe,1
over-balanced,1
over-hyped,1
over-priced,1
over-valuation,1
overact,3
overacted,3
overawe,1
overbalance,1
overbalanced,1
overbearing,2
overbearingly,2
overblown,1
overdo,1
overdone,1
overdue,1
overemphasize,1
overheat,1
overkill,1
overloaded,1
overlook,1
overpaid,1
overpayed,1
overplay,1
overpower,1
overpriced,1
overrated,2
overreach,1
overrun,1
overshadow,1
oversight,1
oversights,1
oversimplification,1
oversimplified,1
oversimplify,1
oversize,1
overstate,1
overstated,1
overstatement,1
overstatements,1
overstates,1
overtaxed,1
overthrow,1
overthrows,1
overturn,1
overweight,1
overwhelm,1
overwhelmed,1
overwhelming,1
overwhelmingly,1
overwhelms,1
overzealous,1
overzealously,1
overzelous,1
pain,3
painful,3
painfull,3
painfully,3
pains,2
pale,1
pales,1
paltry,1
pan,1
pandemonium,1
pander,1
pandering,1
panders,1
panic,2
panick,1
panicked,2
panicking,2
panicky,2
paradoxical,1
paradoxically,1
paralize,1
paralyzed,1
paranoia,2
paranoid,2
parasite,1
pariah,1
parody,1
partiality,1
partisan,1
partisans,1
passe,1
passive,1
passiveness,1
pathetic,4
pathetically,3
patronize,1
paucity,1
pauper,1
paupers,1
payback,1
peculiar,1
peculiarly,1
pedantic,1
peeled,1
peeve,1
peeved,1
peevish,1
peevishly,1
penalize,1
penalty,1
perfidious,1
perfidity,1
perfunctory,1
peril,1
perilous,1
perilously,1
perish,1
pernicious,1
perplex,1
perplexed,1
perplexing,1
perplexity,1
persecute,1
persecution,1
pertinacious,1
pertinaciously,1
pertinacity,1
perturb,1
perturbed,1
pervasive,1
perverse,1
perversely,1
perversion,1
perversity,1
pervert,4
perverted,3
perverts,4
pessimism,1
pessimistic,1
pessimistically,1
pest,2
pestilent,1
petrified,1
petrify,1
pettifog,1
petty,1
phobia,1
phobic,1
phony,1
picket,1
picketed,1
picketing,1
pickets,1
picky,1
pig,1
pigs,1
pillage,1
pillory,1
pimple,1
pinch,1
pique,1
pitiable,1
pitiful,2
pitifully,2
pitiless,1
pitilessly,1
pittance,1
pity,1
plagiarize,1
plague,1
plasticky,1
plaything,1
plea,1
pleas,1
plebeian,1
plight,1
plot,1
plotters,1
ploy,1
plunder,1
plunderer,1
pointless,1
pointlessly,1
poison,1
poisonous,1
poisonously,1
pokey,1
poky,1
polarisation,1
polemize,1
pollute,1
polluter,1
polluters,1
polution,1
pompous,1
poor,1
poorer,1
poorest,1
poorly,1
posturing,1
pout,1
poverty,1
powerless,1
prate,1
pratfall,1
prattle,1
precarious,1
precariously,1
precipitate,1
precipitous,1
predatory,1
predicament,1
prejudge,1
prejudice,2
prejudiced,2
prejudices,2
prejudicial,1
premeditated,1
preoccupy,1
preposterous,1
preposterously,1
presumptuous,1
presumptuously,1
pretence,1
pretend,1
pretense,1
pretentious,1
pretentiously,1
prevaricate,1
pricey,1
pricier,1
prick,6
prickle,1
prickles,1
prideful,1
prik,6
primitive,1
prison,1
prisoner,1
problem,1
problematic,1
problems,1
procrastinate,1
procrastinates,1
procrastination,1
profane,2
profanity,2
prohibit,1
prohibitive,1
prohibitively,1
propaganda,1
propagandize,1
proprietary,1
prosecute,1
protest,1
protested,1
protesting,1
protests,1
protracted,1
provocation,1
provocative,1
provoke,1
pry,1
pugnacious,1
pugnaciously,1
pugnacity,1
punch,3
punish,1
punishable,1
punitive,1
punk,1
puny,1
puppet,1
puppets,1
puzzled,1
puzzlement,1
puzzling,1
quack,3
qualm,1
qualms,1
quandary,1
quarrel,1
quarrellous,1
quarrellously,1
quarrels,1
quarrelsome,1
quash,1
queer,4
queers,4
questionable,1
quibble,1
quibbles,1
quitter,1
rabid,1
racism,4
racist,4
racists,4
racy,1
radical,1
radicalization,1
radically,1
radicals,1
rage,2
ragged,1
raging,2
rail,1
raked,1
rampage,1
rampant,1
ramshackle,1
rancor,1
randomly,1
rankle,1
rant,1
ranted,1
ranting,1
rantingly,1
rants,1
rape,6
raped,6
raping,6
rascal,1
rascals,1
rash,1
rattle,1
rattled,1
rattles,1
ravage,3
raving,1
reactionary,1
rebellious,1
rebuff,1
rebuke,1
recalcitrant,1
recant,1
recession,1
recessionary,1
reckless,2
recklessly,2
recklessness,1
recoil,1
recourses,1
redundancy,1
redundant,1
refusal,1
refuse,1
refused,1
refuses,1
refusing,1
refutation,1
refute,1
refuted,1
refutes,1
refuting,1
regress,1
regression,1
regressive,1
regret,1
regreted,1
regretful,1
regretfully,1
regrets,1
regrettable,1
regrettably,1
regretted,1
reject,2
rejected,2
rejecting,1
rejection,1
rejects,2
relapse,1
relentless,1
relentlessly,1
relentlessness,1
reluctance,1
reluctant,1
reluctantly,1
remorse,1
remorseful,1
remorsefully,1
remorseless,1
remorselessly,1
remorselessness,1
renounce,1
renunciation,1
repel,1
repetitive,1
reprehensible,2
reprehensibly,2
reprehension,1
reprehensive,1
repress,2
repression,1
repressive,1
reprimand,1
reproach,1
reproachful,1
reprove,1
reprovingly,1
repudiate,1
repudiation,1
repugn,1
repugnance,1
repugnant,1
repugnantly,1
repulse,3
repulsed,3
repulsing,3
repulsive,3
repulsively,2
repulsiveness,1
resent,3
resentful,3
resentment,2
resignation,1
resigned,1
resistance,1
restless,1
restlessness,1
restrict,1
restricted,1
restriction,1
restrictive,1
resurgent,1
retaliate,1
retaliatory,1
retard,5
retarded,4
retardedness,2
retards,4
reticent,1
retract,1
retreat,1
retreated,1
revenge,2
revengeful,1
revengefully,1
revert,1
revile,3
reviled,3
revoke,1
revolt,1
revolting,1
revoltingly,1
revulsion,1
revulsive,1
rhapsodize,1
rhetoric,1
rhetorical,1
ricer,1
ridicule,1
ridicules,1
ridiculous,1
ridiculously,1
rife,1
rift,1
rifts,1
rigid,1
rigidity,1
rigidness,1
rile,2
riled,2
rip,1
rip-off,1
ripoff,1
ripped,1
risk,1
risks,1
risky,1
rival,1
rivalry,1
roadblocks,1
rocky,1
rogue,1
rollercoaster,1
rot,1
rotten,2
rough,1
rremediable,1
rubbish,1
rude,1
rue,1
ruffian,1
ruffle,1
ruin,1
ruined,1
ruining,1
ruinous,1
ruins,1
rumbling,1
rumor,1
rumors,1
rumours,1
rumple,1
run-down,1
runaway,1
rupture,1
rust,1
rusts,1
rusty,1
rut,1
ruthless,2
ruthlessly,2
ruthlessness,2
ruts,1
sabotage,1
sack,1
sacrificed,2
sad,4
sadden,2
sadly,2
sadness,3
sag,1
sagged,1
sagging,1
saggy,1
sags,1
salacious,1
sanctimonious,1
sap,1
sarcasm,1
sarcastic,1
sarcastically,1
sardonic,1
sardonically,1
sass,1
satirical,1
satirize,1
savage,2
savaged,3
savagery,1
savages,1
scaly,1
scam,1
scams,1
scandal,1
scandalize,1
scandalized,1
scandalous,1
scandalously,1
scandals,1
scandel,1
scandels,1
scant,1
scapegoat,1
scar,1
scarce,1
scarcely,1
scarcity,1
scare,2
scared,3
scarier,1
scariest,1
scarily,1
scarred,1
scars,1
scary,1
scathing,1
scathingly,1
sceptical,1
scoff,1
scoffingly,1
scold,1
scolded,1
scolding,1
scoldingly,1
scorching,1
scorchingly,1
scorn,1
scornful,1
scornfully,1
scoundrel,1
scourge,1
scowl,1
scramble,1
scrambled,1
scrambles,1
scrambling,1
scrap,1
scratch,1
scratched,1
scratches,1
scratchy,1
scream,1
screech,1
screw,3
screw-up,3
screwed,4
screwed-up,3
screwy,1
scuff,1
scuffs,1
scum,1
scummy,1
second-class,1
second-tier,1
secretive,1
sedentary,1
seedy,1
seethe,1
seething,1
self-coup,1
self-criticism,1
self-defeating,2
self-destructive,2
self-humiliation,3
self-interest,1
self-interested,1
self-serving,1
selfinterested,1
selfish,1
selfishly,1
selfishness,1
semi-retarded,3
senile,2
sensationalize,1
senseless,1
senselessly,1
seriousness,1
sermonize,1
servitude,1
set-up,1
setback,1
setbacks,1
sever,1
severe,1
severity,1
sh*t,6
sh!t,6
shabby,1
shadowy,1
shady,1
shake,1
shaky,1
shallow,1
sham,1
shambles,1
shame,1
shameful,1
shamefully,1
shamefulness,1
shameless,1
shamelessly,1
shamelessness,1
shark,1
sharply,1
shatter,1
shemale,1
shimmer,1
shimmy,1
shipwreck,1
shirk,1
shirker,1
shit,6
shits,6
shiver,1
shock,1
shocked,1
shocking,1
shockingly,1
shoddy,1
short-lived,1
shortage,1
shortchange,1
shortcoming,1
shortcomings,1
shortness,1
shortsighted,1
shortsightedness,1
showdown,1
shrew,2
shriek,1
shrill,1
shrilly,1
shrivel,1
shroud,1
shrouded,1
shrug,1
shun,1
shunned,1
sick,1
sicken,1
sickening,2
sickeningly,1
sickly,1
sickness,1
sidetrack,1
sidetracked,1
siege,1
sillily,1
silly,1
simplistic,2
simplistically,1
sin,2
sinful,2
sinfully,2
sinister,2
sinisterly,2
sink,1
sinking,1
skeletons,1
skeptic,1
skeptical,1
skeptically,1
skepticism,1
sketchy,1
skimpy,1
skinny,1
skittish,1
skittishly,1
skulk,1
skull,2
skulls,2
slack,1
slander,2
slanderer,2
slanderous,2
slanderously,1
slanders,1
slap,1
slashing,1
slaughter,1
slaughtered,1
slave,1
slaves,1
sleazy,1
slime,1
slog,1
slogged,1
slogging,1
slogs,1
sloooooooooooooow,1
sloooow,1
slooow,1
sloow,1
sloppily,1
sloppy,1
sloth,1
slothful,1
slow,1
slow-moving,1
slowed,1
slower,1
slowest,1
slowly,1
sloww,1
slowww,1
slowwww,1
slug,1
sluggish,1
slump,1
slumping,1
slumpping,1
slur,2
slut,6
slutted,6
sluted,6
sluts,6
sly,1
smack,1
smallish,1
smash,1
smear,1
smell,1
smelled,1
smelling,1
smells,1
smelly,1
smelt,1
smoke,1
smokescreen,1
smolder,1
smoldering,1
smother,1
smoulder,1
smouldering,1
smudge,1
smudged,1
smudges,1
smudging,1
smug,1
smugly,1
smut,1
smuttier,1
smuttiest,1
smutty,1
snag,1
snagged,1
snagging,1
snags,1
snappish,1
snappishly,1
snare,1
snarky,1
snarl,1
sneak,1
sneakily,1
sneaky,1
sneer,1
sneering,1
sneeringly,1
snob,2
snobbish,2
snobby,2
snobish,2
snobs,2
snub,1
so-cal,1
soapy,1
sob,1
sober,1
sobering,1
solemn,1
solicitude,1
somber,1
sore,1
sorely,1
soreness,1
sorrow,1
sorrowful,1
sorrowfully,1
sorry,1
sour,1
sourly,1
spade,1
spank,1
spendy,1
spew,1
spewed,1
spewing,1
spews,1
spilling,1
spinster,1
spiritless,1
spite,1
spiteful,3
spitefully,3
spitefulness,1
splatter,1
split,1
splitting,1
spoil,1
spoilage,1
spoilages,1
spoiled,1
spoilled,1
spoils,1
spook,1
spookier,1
spookiest,1
spookily,1
spooky,1
spoon-fed,1
spoon-feed,1
spoonfed,1
sporadic,1
spotty,1
spurious,1
spurn,2
sputter,1
squabble,2
squabbling,2
squander,1
squash,1
squeak,1
squeaks,1
squeaky,1
squeal,1
squealing,1
squeals,1
squirm,1
stab,3
stagnant,1
stagnate,1
stagnation,1
staid,1
stain,1
stains,1
stale,1
stalemate,1
stall,1
stalls,1
stammer,1
stampede,1
standstill,1
stark,1
starkly,1
startle,1
startling,1
startlingly,1
starvation,1
starve,1
static,1
steal,1
stealing,1
steals,1
steep,1
steeply,1
stench,1
stereotype,1
stereotypical,1
stereotypically,1
stern,1
stew,1
sticky,1
stiff,1
stiffness,1
stifle,1
stifling,1
stiflingly,1
stigma,1
stigmatize,1
sting,1
stinging,1
stingingly,1
stingy,1
stink,1
stinks,1
stodgy,1
stole,1
stolen,1
stooge,1
stooges,1
stormy,1
straggle,1
straggler,1
strain,1
strained,1
straining,1
strange,2
strangely,2
stranger,2
strangest,2
strangle,3
strangled,3
streaky,1
strenuous,1
stress,3
stressed,4
stresses,2
stressful,3
stressfully,2
stricken,1
strict,1
strictly,1
strident,1
stridently,1
strife,1
strike,1
stringent,1
stringently,1
struck,1
struggle,1
struggled,1
struggles,1
struggling,1
strut,1
stubborn,1
stubbornly,1
stubbornness,1
stuck,1
stuffy,1
stumble,1
stumbled,1
stumbles,1
stump,1
stumped,1
stumps,1
stun,1
stunt,1
stunted,1
stupid,3
stupidest,3
stupidity,3
stupidly,3
stupified,2
stupify,2
stupor,2
stutter,2
stuttered,2
stuttering,2
stutters,2
sty,1
stymied,1
sub-par,1
subdued,1
subjected,1
subjection,1
subjugate,1
subjugation,2
submissive,1
subordinate,1
subpoena,1
subpoenas,1
subservience,1
subservient,1
substandard,1
subtract,1
subversion,1
subversive,2
subversively,1
subvert,1
succumb,1
suck,3
sucked,3
sucker,2
sucks,3
sucky,3
sue,1
sued,1
sueing,1
sues,1
suffer,2
suffered,2
sufferer,2
sufferers,2
suffering,2
suffers,2
suffocate,1
sugar-coat,1
sugar-coated,1
sugarcoated,1
suicidal,10
suicide,10
sulk,1
sullen,1
sully,1
sunder,1
sunk,1
sunken,1
superficial,1
superficiality,1
superficially,1
superfluous,1
superstition,1
superstitious,1
suppress,1
suppression,1
surrender,1
susceptible,1
suspect,1
suspicion,1
suspicions,1
suspicious,1
suspiciously,1
swagger,1
swamped,1
sweaty,1
swelled,1
swelling,1
swindle,1
swipe,1
swollen,1
symptom,1
symptoms,1
syndrome,1
taboo,2
tacky,1
taint,2
tainted,2
tamper,1
tangle,1
tangled,1
tangles,1
tank,1
tanked,1
tanks,1
tantrum,1
tardy,1
tarnish,1
tarnished,1
tarnishes,1
tarnishing,1
tattered,1
taunt,1
taunting,1
tauntingly,1
taunts,1
taut,1
tawdry,1
taxing,1
tease,3
teased,3
teasing,3
teasingly,1
tedious,1
tediously,1
temerity,1
temper,1
tempest,1
temptation,1
tenderness,1
tense,1
tension,1
tentative,1
tentatively,1
tenuous,1
tenuously,1
tepid,1
terrible,2
terribleness,2
terribly,2
terror,1
terror-genic,1
terrorism,1
terrorize,2
testily,1
testy,2
tetchily,1
tetchy,1
thankless,1
thicker,1
thirst,1
thorny,1
thoughtless,1
thoughtlessly,1
thoughtlessness,1
thrash,1
threat,2
threaten,3
threatening,3
threats,2
threesome,1
throb,1
throbbed,1
throbbing,1
throbs,1
throttle,1
thug,3
thumb-down,1
thumbs-down,1
thwart,1
time-consuming,1
timid,1
timidity,1
timidly,1
timidness,1
tin-y,1
tingled,1
tingling,1
tired,1
tiresome,1
tiring,1
tiringly,1
toil,1
toll,1
top-heavy,1
topple,1
torment,1
tormented,1
torrent,1
tortuous,1
torture,1
tortured,1
tortures,1
torturing,1
torturous,1
torturously,1
totalitarian,1
touchy,1
toughness,1
tout,1
touted,1
touts,1
toxic,1
traduce,1
tragedy,2
tragic,2
tragically,2
traitor,1
traitorous,1
traitorously,1
tramp,1
trample,1
transgress,1
transgression,1
trap,1
traped,1
trapped,1
trash,1
trashed,1
trashy,3
trauma,3
traumatic,3
traumatically,3
traumatize,3
traumatized,3
travesties,1
travesty,1
treacherous,1
treacherously,1
treachery,1
treason,1
treasonous,1
trick,2
tricked,2
trickery,2
tricky,2
trivial,1
trivialize,1
trouble,2
troubled,3
troublemaker,3
troubles,2
troublesome,2
troublesomely,2
troubling,2
troublingly,2
truant,1
tumble,1
tumbled,1
tumbles,1
tumultuous,1
turbulent,1
turmoil,1
twist,1
twisted,1
twists,1
two-faced,1
two-faces,1
tyrannical,1
tyrannically,1
tyranny,1
tyrant,1
ugh,1
uglier,3
ugliest,3
ugliness,3
ugly,3
ulterior,1
ultimatum,1
ultimatums,1
ultra-hardline,1
un-viewable,1
unable,1
unacceptable,1
unacceptablely,1
unacceptably,1
unaccessible,1
unaccustomed,1
unachievable,1
unaffordable,1
unappealing,2
unattractive,3
unauthentic,1
unavailable,1
unavoidably,1
unbearable,2
unbearablely,2
unbelievable,1
unbelievably,1
uncaring,1
uncertain,1
uncivil,1
uncivilized,1
unclean,2
unclear,2
uncollectible,1
uncomfortable,2
uncomfortably,1
uncomfy,1
uncompetitive,1
uncompromising,1
uncompromisingly,1
unconfirmed,1
unconstitutional,1
uncontrolled,1
unconvincing,1
unconvincingly,1
uncooperative,1
uncouth,2
uncreative,1
undecided,1
undefined,1
undependability,1
undependable,1
undercut,1
undercuts,1
undercutting,1
underdog,1
underestimate,1
underlings,1
undermine,1
undermined,1
undermines,1
undermining,1
underpaid,1
underpowered,1
undersized,1
undesirable,1
undetermined,1
undid,1
undignified,2
undissolved,1
undocumented,1
undone,1
undue,1
unease,1
uneasily,1
uneasiness,1
uneasy,1
uneconomical,1
unemployed,1
unequal,1
unethical,1
uneven,1
uneventful,1
unexpected,1
unexpectedly,1
unexplained,1
unfairly,1
unfaithful,1
unfaithfully,1
unfamiliar,1
unfavorable,1
unfeeling,1
unfinished,1
unfit,1
unforeseen,1
unforgiving,1
unfortunate,1
unfortunately,1
unfounded,1
unfriendly,1
unfulfilled,1
unfunded,1
ungovernable,1
ungrateful,1
unhappily,2
unhappiness,1
unhappy,3
unhealthy,2
unhelpful,1
unilateralism,1
unimaginable,1
unimaginably,1
unimportant,1
uninformed,1
uninsured,1
unintelligible,1
unintelligile,1
unipolar,1
unjust,1
unjustifiable,1
unjustifiably,1
unjustified,1
unjustly,1
unkind,2
unkindly,2
unknown,1
unlamentable,1
unlamentably,1
unlawful,1
unlawfully,1
unlawfulness,1
unleash,1
unlicensed,1
unlikely,1
unlucky,1
unmoved,1
unnatural,1
unnaturally,1
unnecessary,1
unneeded,1
unnerve,1
unnerved,1
unnerving,1
unnervingly,1
unnoticed,1
unobserved,1
unorthodox,1
unorthodoxy,1
unpleasant,1
unpleasantries,1
unpopular,1
unpredictable,1
unprepared,1
unproductive,1
unprofitable,1
unprove,1
unproved,1
unproven,1
unproves,1
unproving,1
unqualified,1
unravel,2
unraveled,2
unreachable,1
unreadable,1
unrealistic,1
unreasonable,1
unreasonably,1
unrelenting,2
unrelentingly,1
unreliability,1
unreliable,2
unresolved,2
unresponsive,1
unrest,1
unruly,1
unsafe,4
unsatisfactory,2
unsavory,2
unscrupulous,1
unscrupulously,1
unsecure,1
unseemly,1
unsettle,1
unsettled,1
unsettling,2
unsettlingly,2
unskilled,1
unsophisticated,1
unsound,1
unspeakable,1
unspeakablely,1
unspecified,1
unstable,3
unsteadily,1
unsteadiness,1
unsteady,2
unsuccessful,2
unsuccessfully,2
unsupported,3
unsupportive,3
unsure,1
unsuspecting,1
unsustainable,1
untenable,1
untested,1
unthinkable,1
unthinkably,1
untimely,1
untouched,1
untrue,2
untrustworthy,1
untruthful,1
unusable,1
unusably,1
unuseable,1
unuseably,1
unusual,2
unusually,2
unviewable,1
unwanted,2
unwarranted,2
unwatchable,1
unwelcome,1
unwell,1
unwieldy,1
unwilling,1
unwillingly,1
unwillingness,1
unwise,1
unwisely,1
unworkable,1
unworthy,1
unyielding,1
upbraid,1
upheaval,1
uprising,1
uproar,1
uproarious,1
uproariously,1
uproarous,1
uproarously,1
uproot,1
upset,1
upseting,1
upsets,1
upsetting,1
upsettingly,1
urgent,1
useless,1
usurp,1
usurper,1
utterly,1
vagrant,2
vague,1
vagueness,1
vain,1
vainly,1
vanity,1
vehement,1
vehemently,1
vengeance,2
vengeful,2
vengefully,2
vengefulness,2
venom,1
venomous,1
venomously,1
vent,1
vestiges,1
vex,1
vexation,1
vexing,1
vexingly,1
vibrate,1
vibrated,1
vibrates,1
vibrating,1
vibration,1
vice,2
vicious,3
viciously,2
viciousness,2
victimize,1
vile,1
vileness,1
vilify,1
villainous,1
villainously,1
villains,1
villian,1
villianous,1
villianously,1
villify,1
vindictive,2
vindictively,2
vindictiveness,1
violate,2
violated,3
violation,1
violator,1
violators,1
violent,3
violently,3
viper,1
virulence,1
virulent,1
virulently,1
virus,1
vociferous,1
vociferously,1
volatile,1
volatility,1
vomit,1
vomited,1
vomiting,1
vomits,1
vulgar,3
vulnerable,1
wack,2
wail,1
wallow,1
wane,1
waning,1
wanton,1
war-like,1
warily,1
wariness,1
warlike,1
warned,1
warning,1
warp,1
warped,1
wary,1
washed-out,1
waste,1
wasted,1
wasteful,1
wastefulness,1
wasting,1
water-down,1
watered-down,1
wayward,1
weak,2
weaken,1
weakening,1
weaker,1
weakness,1
weaknesses,1
weariness,1
wearisome,1
weary,1
wedge,1
weed,1
weep,2
weird,3
weirdly,2
wheedle,1
whimper,1
whine,2
whining,2
whiny,2
whips,1
whore,5
whores,5
whored,5
wicked,2
wickedly,2
wickedness,2
wild,1
wildly,1
wiles,1
wilt,1
wily,1
wimpy,2
wince,1
wobble,1
wobbled,1
wobbles,1
woe,1
woebegone,1
woeful,1
woefully,1
womanizer,4
womanizing,4
worn,1
worried,1
worriedly,1
worrier,1
worries,1
worrisome,1
worry,2
worrying,2
worryingly,2
worse,1
worsen,1
worsening,1
worst,2
worthless,3
worthlessly,2
worthlessness,2
wound,2
wounds,2
wrangle,1
wrath,1
wreak,1
wreaked,1
wreaks,1
wreck,1
wrest,1
wrestle,1
wretch,1
wretched,1
wretchedly,1
wretchedness,1
wrinkle,1
wrinkled,1
wrinkles,1
wrip,1
wripped,1
wripping,1
writhe,1
wrong,1
wrongful,1
wrongly,1
wrought,1
yawn,1
zap,1
zapped,1
zaps,1
zealot,1
zealous,1
zealously,1
zombie,1
